M₁M₁p;10063459898;3779088;FALSE;2
M₁M₁q;10036063188;3787696;FALSE;2
M₁M₃r;10017152088;3787696;FALSE;2
M₁M₁r;10052109368;3787696;FALSE;2
M₁B₂p;10057242550;3787696;FALSE;2
M₁B₃r;10046049734;3788192;FALSE;2
M₁B₁q;10014842897;3787744;FALSE;2
M₁B₃p;10083591934;3787296;FALSE;2
M₂B₂p;10057283394;3788240;FALSE;2
M₂M₃q;10083858202;3788240;FALSE;2
M₂M₂q;10044216807;3787792;FALSE;2
M₂B₃q;10085421822;3788240;FALSE;2
M₂B₁r;10027650584;3787792;FALSE;2
M₂M₁q;10079743524;3788240;FALSE;2
M₂B₂q;10052607608;3788240;FALSE;2
M₂B₁q;10030528299;3787792;FALSE;2
M₂M₃r;10049579214;3785104;FALSE;2
M₂M₂r;10035797300;3777040;FALSE;2
M₂M₁r;10031562559;3785104;FALSE;2
M₃M₁q;10014314435;3785552;FALSE;2
M₃M₂r;10060382339;3785552;FALSE;2
M₃B₂q;10073424209;3783760;FALSE;2
M₃B₃p;10014635568;3785552;FALSE;2
M₃M₃q;10008821947;3785552;FALSE;2
M₃B₁r;10023622943;3785552;FALSE;2
M₃M₁p;10032542137;3785552;FALSE;2
M₃M₃r;10014764999;3785552;FALSE;2
M₃M₂q;10025335147;3785104;FALSE;2
B₁B₂q;7185370;3614096;FALSE;2
B₁M₃p;9243353;3613408;FALSE;2
B₁B₂p;7204107;3614096;FALSE;2
B₁M₂r;6798830;3613408;FALSE;2
B₁B₁r;6402339;3614096;FALSE;2
B₁M₂q;8318241;3613408;FALSE;2
B₁B₁q;11155799;3614096;FALSE;2
B₁M₁q;8557326;3613408;FALSE;2
B₁B₃r;8583813;3614096;FALSE;2
B₁M₃q;10236438;3613408;FALSE;2
B₂M₃q;8313143;3613408;FALSE;2
B₂M₁q;7841528;3613408;FALSE;2
B₂B₃r;7935539;3614096;FALSE;2
B₂M₁p;8137348;3613408;FALSE;2
B₂B₁p;7141784;3614096;FALSE;2
B₂M₃r;7273145;3613408;FALSE;2
B₂M₂r;7204096;3613408;FALSE;2
B₂B₁r;7586026;3614096;FALSE;2
B₂B₃q;6272287;3614096;FALSE;2
B₂M₃p;6656893;3613408;FALSE;2
B₃M₂q;7545757;3613408;FALSE;2
B₃B₁p;7022974;3614096;FALSE;2
B₃B₂r;7190080;3614096;FALSE;2
B₃M₃r;7001723;3613408;FALSE;2
B₃B₃q;7219774;3614096;FALSE;2
B₃B₃p;6380444;3614096;FALSE;2
B₃M₃p;9209448;3613408;FALSE;2
B₃M₂r;6812458;3613408;FALSE;2
¬B₂M₃p;11209111005;3963528;FALSE;2
¬M₁M₁p;6556270;3613392;FALSE;2
¬B₁M₂r;11207826301;3963528;FALSE;2
M₂B₃(p ⇿ r);10068731620;3693008;FALSE;2
M₃(M₃q → r);10030391117;3691576;FALSE;2
¬B₃B₃q;10041539521;3786560;FALSE;2
¬M₂M₂q;6555333;3613392;FALSE;2
¬B₁B₃r;10071143922;3787904;FALSE;2
¬M₃M₃r;6632141;3613392;FALSE;2
B₂B₁r ∧ q;6828754;3614480;FALSE;2
M₁q ∨ B₃p;7262198;3613992;FALSE;2
B₂B₃q ∨ q;7065187;3614480;FALSE;2
M₃M₁p ∨ r;10069461975;3787984;FALSE;2
B₃B₃p ∨ q;7021771;3614480;FALSE;2
B₂M₂r ∨ q;6731942;3613872;FALSE;2
B₃M₃r ∨ q;6540388;3613872;FALSE;2
B₁M₂q ∨ q;6435746;3613872;FALSE;2
B₃M₂q → p;11212578349;3963688;FALSE;2
B₁B₁r → p;10030874643;3787616;FALSE;2
p ⇿ B₂B₃q;7286630;3614560;FALSE;2
B₂M₃r ⇿ p;10075774782;3949016;FALSE;2
B₁M₃q ⇿ q;11143868370;3963688;FALSE;2
B₂B₃q ⇿ r;10070213918;3788064;FALSE;2
M₁M₁(r → p);10014916198;3786720;FALSE;2
M₁B₂(p ∨ r);10076274553;3788512;FALSE;2
M₁(M₃p ⇿ p);10009699596;3787616;FALSE;2
M₁M₃(q → p);10014526015;3785824;FALSE;2
M₁B₃(r → q);10015585519;3788064;FALSE;2
M₁M₃(r → r);10010007702;3690568;FALSE;2
M₁(B₁p ⇿ r);10049936563;3691912;FALSE;2
M₁(M₁q ∨ p);10043560551;3692360;FALSE;2
M₁M₃(p ∧ r);10072444086;3691912;FALSE;2
M₁(B₂q ⇿ p);10007932180;3691912;FALSE;2
M₁B₂(p ∧ p);10046931078;3691912;FALSE;2
M₁(B₃r ⇿ q);10053141662;3691912;FALSE;2
M₁B₂(q ∨ r);10009748540;3691912;FALSE;2
M₁B₂(q ∧ q);10063351791;3692360;FALSE;2
M₁B₁(p → q);10037546131;3692560;FALSE;2
M₁B₂(p ∧ r);10006956066;3691216;FALSE;2
M₁M₁(p ∧ r);10043268124;3693008;FALSE;2
M₁B₃(q → q);10055614205;3692112;FALSE;2
M₂B₂(p → r);10015377846;3692560;FALSE;2
M₂B₃(r ⇿ r);10042699616;3693008;FALSE;2
M₂(B₁p ∨ r);10014977784;3692560;FALSE;2
M₂M₂(r ⇿ r);10064855440;3692112;FALSE;2
M₂¬M₂q;10078090186;3692992;FALSE;2
M₂(M₂r ⇿ r);10004714402;3692560;FALSE;2
M₂(B₂q ⇿ p);10072655002;3693008;FALSE;2
M₂M₃¬p;10069328915;3692096;FALSE;2
M₂M₁¬r;10031871779;3690896;FALSE;2
M₂B₂(q ∧ q);10067167468;3690016;FALSE;2
M₂(B₂r ∧ q);10045443731;3693152;FALSE;2
M₂B₃(q ∨ r);10030806438;3691808;FALSE;2
M₂(M₂r ∨ r);10077023344;3692256;FALSE;2
M₃B₁(q ⇿ q);10047128790;3691808;FALSE;2
M₃(M₁q ∨ p);10071195916;3690912;FALSE;2
M₃B₂(q ∧ q);10011492515;3687776;FALSE;2
M₃(M₁r ∧ q);10033049396;3690912;FALSE;2
M₃M₁(p ∧ p);10062229950;3691360;FALSE;2
M₃¬M₂r;10054072200;3692240;FALSE;2
M₃¬M₁p;10038110521;3690896;FALSE;2
M₃¬B₃r;10048100345;3691560;FALSE;2
M₃M₁(p ∨ q);10063272836;3691576;FALSE;2
M₃¬M₃q;10067674246;3622240;FALSE;2
B₁M₃(q → p);10086245471;3655776;FALSE;2
B₁B₃¬q;7164951;3452128;FALSE;2
B₁M₃¬q;10100303571;3655760;FALSE;2
B₁B₂(r ∨ r);7612861;3452144;FALSE;2
B₁M₂(q ∨ r);10082374211;3655776;FALSE;2
B₁M₃(p ⇿ r);10065977549;3657792;FALSE;2
B₁B₂(q ⇿ q);5511237;3451648;TRUE;2
B₁¬M₂r;7360015;3451632;FALSE;2
B₁¬B₁r;6856202;3451440;FALSE;2
B₁M₁(p ∧ r);10014039269;3655776;FALSE;2
B₂(M₁r → r);6961982;3451648;FALSE;2
B₂M₂¬p;10010788259;3655088;FALSE;2
B₂(B₁q → q);7381268;3451456;FALSE;2
B₂B₂(q ∨ r);10028803;3452144;FALSE;2
B₂M₁(p ⇿ r);10023436675;3655104;FALSE;2
B₂¬M₃r;5053950;3451632;FALSE;2
B₂(B₁q → r);7203568;3451456;FALSE;2
B₂B₁(p ∧ q);5365209;3452144;FALSE;2
B₂(B₃q ∧ p);7496519;3452432;FALSE;2
B₂M₃(r ∧ r);10103937676;3656448;FALSE;2
B₂M₃(q ∧ r);10080559991;3651744;FALSE;2
B₂M₂(p → r);10122467691;3653088;FALSE;2
B₂M₃(q → p);10088224846;3653088;FALSE;2
B₂M₁(r → r);7677937;3451456;TRUE;2
B₃(M₂q ∧ p);7767152;3451744;FALSE;2
B₃B₁(r → q);6699492;3452144;FALSE;2
B₃(B₁r ∨ q);6648833;3452432;FALSE;2
B₃B₁(q ⇿ q);6328953;3451648;TRUE;2
B₃B₁(p ∧ p);6890702;3452144;FALSE;2
B₃M₃(r ∧ r);10109101800;3656448;FALSE;2
B₃M₁(q ⇿ r);10057157975;3655776;FALSE;2
B₃M₂(q ∨ r);10023745182;3655104;FALSE;2
B₃(M₂r ∨ r);7299619;3451744;FALSE;2
B₃M₃(p ⇿ r);10053983600;3654432;FALSE;2
B₃(M₃q → r);6838875;3451648;FALSE;2
B₃M₂(q ⇿ r);10069078629;3655104;FALSE;2
B₃M₂¬p;10024332583;3655088;FALSE;2
¬M₃(M₁q ∨ p);8121281;3451760;FALSE;2
¬¬B₂M₃p;7016297;3451744;FALSE;2
¬M₁M₃(p ∧ r);7167896;3451912;FALSE;2
¬M₁M₁(r → p);7032771;3451912;FALSE;2
¬M₁B₂(p ∧ r);10064927480;3654544;FALSE;2
¬(B₃M₂q → p);7516405;3452064;FALSE;2
¬(B₂M₃r ⇿ p);10402703217;3787352;FALSE;2
¬(B₁M₃q ⇿ q);10134253837;3787352;FALSE;2
¬(p ⇿ B₂B₃q);10028027166;3622816;FALSE;2
¬B₂M₃(r ∧ r);10318080676;3818392;FALSE;2
¬B₁M₁(p ∧ r);10342841297;3818392;FALSE;2
r ∧ B₂(B₁q → r);6823190;3450472;FALSE;2
(q ∧ q) ∧ B₁B₁r;6917649;3450704;FALSE;2
M₁p ∧ M₃B₁r;7849186;3462912;FALSE;2
B₂M₃r ∧ (q ∨ q);7450435;3451776;FALSE;2
¬M₂M₂q ∧ r;7278670;3451664;FALSE;2
q ∨ ¬M₂M₂q;8399864;3451664;FALSE;2
B₂p ∨ M₁M₁p;83768598180;10377936;FALSE;2
(q ⇿ q) ∨ B₂B₃r;8227383;3450472;TRUE;2
M₁M₃r ∨ (q ∧ q);10013118311;3625520;FALSE;2
B₂B₁r ∨ M₃p;66839177648;10388640;FALSE;2
M₂M₃q ∨ (p → p);6881682;3450472;TRUE;2
B₃r → M₂B₁r;69816903393;10377936;FALSE;2
B₃B₁p → (r → p);10028381954;3622384;FALSE;2
M₂B₃q → (p ⇿ r);7240805;3451488;FALSE;2
(B₂M₂r ∨ q) → r;10123807086;3787368;FALSE;2
¬M₁M₁p → r;10038498905;3689000;FALSE;2
M₁(M₃p ⇿ p) → q;9733833;3518408;FALSE;2
B₂(B₁q → r) → r;10071889956;3690360;FALSE;2
¬r ⇿ M₃M₁p;10041941882;3691240;FALSE;2
(p ⇿ p) ⇿ M₁M₁q;10063399738;3690360;FALSE;2
(q ∧ q) ⇿ B₁M₃q;8664281;3518712;FALSE;2
B₂M₃p ⇿ B₁r;88258620375;10521208;FALSE;2
B₃B₂r ⇿ (p ∨ r);10078095782;3692600;FALSE;2
B₁M₂q ⇿ (q → p);10711902543;3854000;FALSE;2
(B₂B₃q ∨ q) ⇿ q;10031660821;3694840;FALSE;2
M₂B₃(p ⇿ r) ⇿ p;10024816078;3726568;FALSE;2
M₁(M₃(q → r) ∧ r);10033680562;3696184;FALSE;2
M₁((M₃q → r) ∨ r);10038848561;3690360;FALSE;2
M₁(B₃¬q ⇿ p);10100898922;3690792;FALSE;2
M₁((p → p) ∨ B₁q);5505800;3518040;TRUE;2
M₁¬B₃(q ⇿ r);10077215967;3689896;FALSE;2
M₁((p ∧ p) → M₃p);10073896338;3688568;FALSE;2
M₁B₁¬(p ∨ q);10024033221;3691240;FALSE;2
M₁M₃¬(p ⇿ p);10023611431;3689448;FALSE;2
M₁M₂¬(p ∧ p);10027813586;3689896;FALSE;2
M₁(¬p → B₃q);10044572159;3694376;FALSE;2
M₁¬(B₁p ⇿ r);10051309587;3690792;FALSE;2
M₁((M₁r → r) ∨ q);10026903403;3689016;FALSE;2
M₁M₃¬(r ⇿ r);10061236117;3690344;FALSE;2
M₂(B₁p ∨ M₁r);97080083934;10444568;FALSE;2
M₂¬(B₁p ⇿ r);10061153395;3689896;FALSE;2
M₂(M₂(q ∧ r) → q);10053736704;3690360;FALSE;2
M₂((M₃r → q) → q);10016235210;3690360;FALSE;2
M₂¬B₁(p → q);10062299110;3689448;FALSE;2
M₂(M₃(p ⇿ r) ⇿ q);10026846441;3696184;FALSE;2
M₂M₃((p ∧ q) → r);10009879280;3696632;FALSE;2
M₂M₂((p ∧ r) ∧ p);10032864268;3696632;FALSE;2
M₂((p ∨ q) ∨ M₂r);10041927877;3697528;FALSE;2
M₂M₂((p → p) ⇿ r);10063855653;3697528;FALSE;2
M₂M₃((q ∨ q) ⇿ r);10027244476;3695736;FALSE;2
M₃((p ∨ q) ∨ M₂r);10075726473;3696632;FALSE;2
M₃((p ∨ q) ∧ B₃q);10052530836;3697080;FALSE;2
M₃(M₁q ∨ B₃p);71380001195;10444568;FALSE;2
M₃M₂((q ⇿ q) ⇿ q);10018264257;3698872;FALSE;2
M₃M₃((p → r) → r);10011304846;3697528;FALSE;2
M₃B₁¬(r ∨ r);10070758634;3696168;FALSE;2
M₃B₃((r ∨ r) → p);10015720146;3696632;FALSE;2
M₃(B₂r ⇿ (p ∧ q));10030729488;3696632;FALSE;2
M₃(M₃r ⇿ B₁p);72066632281;10444568;FALSE;2
M₃¬B₃(p ⇿ q);10036293439;3697064;FALSE;2
M₃M₂((p ∧ r) ∧ p);10015289655;3697976;FALSE;2
B₁M₂((p ⇿ q) ∨ q);10028728961;3727912;FALSE;2
B₁((B₃q ∨ q) ∧ r);7626257;3519656;FALSE;2
B₁(B₁(q → q) ∧ q);6600263;3518808;FALSE;2
B₁B₂((q ∧ q) → p);11004130;3519376;FALSE;2
B₁(B₃¬q ∧ q);4625085;3519176;FALSE;2
B₁(M₃r ⇿ B₁p);76630243403;11387120;FALSE;2
B₁M₁¬(p ∨ r);10043886964;3729240;FALSE;2
B₁M₂((p ∧ r) ∧ p);10053354836;3729928;FALSE;2
B₁M₃¬(p ⇿ p);10006252571;3728568;FALSE;2
B₂M₂(¬q ∧ q);10012787774;3728568;FALSE;2
B₂B₃((q ∧ q) → p);4717054;3519376;FALSE;2
B₂(M₁q ∨ B₃p);87431602752;11325904;FALSE;2
B₂((p ∨ p) → M₂q);4414487;3518904;FALSE;2
B₂(B₁r ∧ (p ∧ q));4529615;3519192;FALSE;2
B₂¬M₂(p ∨ q);6281813;3518888;FALSE;2
B₂B₁¬(r ∨ r);4796140;3519360;FALSE;2
B₂¬B₁(p → q);10008175470;3727896;FALSE;2
B₂B₁((p ∧ p) ∧ p);4340748;3519376;FALSE;2
B₂(B₁q → B₁q);6170325;3519608;TRUE;2
B₃(B₃M₃r ∨ q);1,27359E+11;11338784;FALSE;2
B₃((M₃p ⇿ p) ∨ q);7198133;3518808;FALSE;2
B₃(p ∧ M₃(r ⇿ r));7214432;3517864;FALSE;2
B₃(¬p → M₁p);6859872;3518888;FALSE;2
B₃((p ⇿ p) ⇿ B₃r);7412514;3519656;FALSE;2
B₃(B₃q ∧ (q ⇿ q));7590758;3519192;FALSE;2
B₃(M₁¬q → p);4783204;3518888;FALSE;2
B₃M₂((r ⇿ r) ⇿ r);10015521856;3719176;FALSE;2
B₃(M₃p ⇿ (q ∨ q));7258314;3518808;FALSE;2
B₃((p ∧ p) → M₃p);5194738;3518904;FALSE;2
B₃((q → r) → M₂p);7919966;3518904;FALSE;2
B₃(B₂(q ∨ q) → q);10025748079;3716488;FALSE;2
B₂(B₁r ∧ (p ∧ q)) ∨ q;6767216;3451336;FALSE;2
¬M₃(B₂r ⇿ (p ∧ q));15440291;3450008;FALSE;2
¬M₂M₃((p ∧ q) → r);7701890;3450504;FALSE;2
¬B₁B₂((q ∧ q) → p);10076185066;3617832;FALSE;2
¬M₂((p ∨ q) ∨ M₂r);6194292;3449720;FALSE;2
¬M₂(B₁p ∨ M₁r);22100976;3541608;FALSE;2
¬¬M₃(M₁q ∨ p);10060452150;3617176;FALSE;2
¬B₂B₃((q ∧ q) → p);10044025961;3616744;FALSE;2
¬M₃M₂((q ⇿ q) ⇿ q);4095023;3450760;FALSE;2
M₂r ∧ B₁M₂(q ∨ r);7079835;3461320;FALSE;2
M₁p ∧ B₁(r ⇿ M₁p);7119230;3461320;FALSE;2
(p ∧ r) ∧ ¬M₂M₂q;6253578;3449096;FALSE;2
((q ⇿ q) ⇿ q) ∧ B₁M₁q;7253721;3449200;FALSE;2
M₃M₁(p ∧ p) ∧ B₃r;73149704723;10376432;FALSE;2
M₃M₃((p → r) → r) ∧ p;10008856490;3617744;FALSE;2
B₃((p ⇿ p) ⇿ B₃r) ∧ r;7510664;3451712;FALSE;2
¬M₁M₃(p ∧ r) ∧ r;5812495;3450656;FALSE;2
M₃((p ∨ q) ∧ B₃q) ∧ q;10021902146;3619536;FALSE;2
r ∨ M₂M₂((p ∧ r) ∧ p);10078635574;3619984;FALSE;2
B₂r ∨ M₁B₂(q ∧ q);74331603853;10376432;FALSE;2
(p ⇿ r) ∨ M₃¬M₁p;10037421590;3617280;FALSE;2
(p ∧ r) ∨ M₁M₃(p ∧ r);10057483716;3616400;FALSE;2
(p → p) ∨ B₃M₂(q ⇿ r);6592118;3448968;TRUE;2
((r ∧ r) ⇿ q) ∨ B₂M₂r;6180644;3450768;FALSE;2
B₁(q ∨ r) ∨ B₂B₁r;76196116394;10421808;FALSE;2
M₃M₁q ∨ M₃B₃p;11750035974;6504032;FALSE;2
M₂(B₁p ∨ r) ∨ B₁p;66579861815;10376432;FALSE;2
(B₂M₃r ⇿ p) ∨ (q ⇿ r);11178037794;3787656;FALSE;2
M₁((p ∧ p) → M₃p) ∨ p;10052524166;3616848;FALSE;2
(M₂M₃q ∨ (p → p)) ∨ p;6107562;3449200;TRUE;2
(q → r) → M₂¬M₂q;10078239655;3616384;FALSE;2
B₁r → B₃M₂(q ∨ r);73233532670;10434736;FALSE;2
(p ∨ r) → M₂B₃(q ∨ r);10068551874;3687776;FALSE;2
M₁M₁q → (¬q ∧ r);7976372;3516856;FALSE;2
M₂(p → r) → B₃M₂q;79173135940;11337096;FALSE;2
¬B₁B₃r → (r ∧ r);6334553;3517672;FALSE;2
M₁M₃(q → p) → B₁q;1,20857E+11;11445672;FALSE;2
¬M₁M₁p → M₂q;87564213688;10442864;FALSE;2
M₃M₃((p → r) → r) → r;4896273;3517424;FALSE;2
B₃(M₃p ⇿ (q ∨ q)) → p;10020378807;3682960;FALSE;2
B₃((M₃p ⇿ p) ∨ q) → p;10037113603;3682960;FALSE;2
(q ∨ r) ⇿ (B₁M₃q ⇿ q);10621628765;3816616;FALSE;2
B₁p ⇿ M₁B₂(q ∨ r);81268152781;10443872;FALSE;2
(p → p) ⇿ M₃M₁(p ∨ q);10054415549;3683856;FALSE;2
((p → p) ⇿ r) ⇿ B₁M₂r;6768733;3517328;FALSE;2
M₂M₁¬r ⇿ B₁q;93377974618;11428328;FALSE;2
M₁(B₃¬q ⇿ p) ⇿ p;4880008;3516920;FALSE;2
¬M₁B₂(p ∧ r) ⇿ p;10073900095;3683688;FALSE;2
M₁(M₂((p ∧ r) ∧ p) ⇿ q);10043156693;3686840;FALSE;2
M₁(M₂r → M₃¬p);88315350230;10443272;FALSE;2
M₁(((M₃p ⇿ p) ∨ q) ∨ q);10051186497;3684152;FALSE;2
M₁M₁((q ∧ r) ∧ (q → r));10042155989;3684600;FALSE;2
M₁¬M₂((p ⇿ q) ∨ q);10055189572;3684136;FALSE;2
M₁((M₃(p ⇿ r) ⇿ q) ∧ q);10051467922;3684600;FALSE;2
M₁((p ⇿ q) ⇿ (r ⇿ M₁p));10033523552;3685048;FALSE;2
M₂((M₂r ∧ q) ∨ M₁q);76489465102;10443328;FALSE;2
M₂(M₃r → B₃(q ∨ q));63723489387;10444096;FALSE;2
M₂((q ∧ r) ⇿ B₂(p ∨ r));10016421905;3688224;FALSE;2
M₂(M₂q ∧ M₃(q ∧ r));84886313067;10443328;FALSE;2
M₂(((r ∨ r) ⇿ r) ⇿ M₂r);10128934425;3683744;FALSE;2
M₂M₂(((r ∧ r) ∨ q) → r);10017780184;3685088;FALSE;2
M₂¬M₂¬(q ⇿ r);10046608566;3685056;FALSE;2
M₂(B₃(p → r) ⇿ B₂p);68324666947;10443472;FALSE;2
M₂((r ∧ r) ∨ M₂(p → q));10046219308;3688816;FALSE;2
M₃(((r ∧ r) ⇿ B₂p) → p);10084759717;3689712;FALSE;2
M₃(B₃r ⇿ (M₂q ∧ p));76422576924;10443472;FALSE;2
M₃(((M₃q → r) ∨ r) ∨ p);10081807401;3689264;FALSE;2
M₃¬(¬p → B₃q);10066891758;3690128;FALSE;2
M₃B₁¬¬(p → p);10068161030;3689680;FALSE;2
M₃B₂¬¬(p → p);10047035915;3689232;FALSE;2
M₃(B₃(p → r) ⇿ B₂p);72776025554;10443472;FALSE;2
M₃(B₃p ⇿ (M₁q → r));64577150653;10443472;FALSE;2
M₃((M₂q ∧ p) → M₂r);66395103631;10443472;FALSE;2
B₁(B₁r ∨ B₁(q ⇿ r));1,23779E+11;11327160;FALSE;2
B₁B₁((r → p) ∧ (r → q));5070416;3518280;FALSE;2
B₁M₃¬((p ∨ p) ∨ r);10106056785;3718736;FALSE;2
B₁((M₃(p ⇿ r) ⇿ q) ∧ q);7202905;3518096;FALSE;2
B₁(M₂(p ∨ q) ∨ (q ∧ r));10006911782;3715472;FALSE;2
B₁B₃((q ∧ q) ⇿ (q → r));7942961;3518832;FALSE;2
B₁((r ⇿ r) ∧ (B₁p ⇿ r));7374715;3516848;FALSE;2
B₁(M₁q ∨ (M₃p → r));88190494125;11324888;FALSE;2
B₁(B₂¬p ⇿ ¬q);5163904;3517456;FALSE;2
B₁¬M₂((p ⇿ q) ∨ q);5051567;3518344;FALSE;2
B₁((q ∨ r) ∨ (B₃p ⇿ p));7984343;3517888;FALSE;2
B₂M₂((p ⇿ r) ∨ (p ∧ q));10116109659;3710768;FALSE;2
B₂B₁(((q ⇿ r) ⇿ r) → r);7366776;3518360;FALSE;2
B₂(M₂r → M₃¬p);86563016529;11417872;FALSE;2
B₂(B₂((p → r) → q) ⇿ p);10079874290;3718832;FALSE;2
B₂((q ∧ r) ⇿ B₂(p ∨ r));7510062;3518640;FALSE;2
B₂M₃¬((p ∨ p) ∨ r);10005847518;3717472;FALSE;2
B₂(M₂q ∧ M₃(q ∧ r));325998238;3935744;FALSE;2
B₂B₁¬¬(p → p);6996790;3517856;TRUE;2
B₃(M₂q ∧ M₃(q ∧ r));253195302;3935744;FALSE;2
B₃((¬q ∧ q) ∧ B₃p);7200679;3517472;FALSE;2
B₃M₃¬((p ∨ p) ∨ r);10049951225;3716800;FALSE;2
B₃(M₃¬(r ⇿ r) → r);5589007;3517376;TRUE;2
¬(M₁((p ∧ p) → M₃p) ∨ p);7312148;3522232;FALSE;2
¬B₂(M₂r → M₃¬p);75136562545;10448376;FALSE;2
¬¬M₂((p ∨ q) ∨ M₂r);10035335409;3694168;FALSE;2
¬(¬B₁B₃r → (r ∧ r));10031311516;3694168;FALSE;2
¬M₁((p ⇿ q) ⇿ (r ⇿ M₁p));8276086;3522920;FALSE;2
¬((B₂M₃r ⇿ p) ∨ (q ⇿ r));11175870043;3874320;FALSE;2
¬M₃B₁¬¬(p → p);10102306486;3724984;FALSE;2
¬(¬M₁M₁p → M₂q);220753937;3898376;FALSE;2
¬M₃(((r ∧ r) ⇿ B₂p) → p);5731297;3520632;FALSE;2
¬(¬M₁M₃(p ∧ r) ∧ r);10021948435;3690584;FALSE;2
¬((p → p) ∨ B₃M₂(q ⇿ r));9308741;3518264;FALSE;2
B₁p ∧ M₂((M₃r → q) → q);18213791;3602304;FALSE;2
M₁(r → p) ∧ M₁(B₁p ⇿ r);76793427461;10445272;FALSE;2
¬M₂r ∧ ¬B₂M₃p;6586018;3530648;FALSE;2
B₃B₂r ∧ (B₁B₁r → p);11538856159;6583688;FALSE;2
(B₂B₃q ∨ q) ∧ ¬(r → r);7037920;3520064;FALSE;2
B₂(B₃q ∧ p) ∧ M₁(r ⇿ r);92566108868;10627256;FALSE;2
(B₁M₂q ∨ q) ∧ B₃M₂r;12094395562;6573832;FALSE;2
(M₂p ⇿ (r ∨ r)) ∧ M₁M₃r;19412169;3599592;FALSE;2
(M₂M₃q ∨ (p → p)) ∧ (q ∨ r);7493036;3518040;FALSE;2
(q → r) ∨ M₂(M₃(p ⇿ r) ⇿ q);10019598350;3687480;FALSE;2
¬p ∨ (¬r ⇿ M₃M₁p);10031669083;3688792;FALSE;2
B₂r ∨ B₃(¬p → M₁p);78645338088;10490632;FALSE;2
(q ⇿ q) ∨ B₂¬B₁(p → q);7357046;3517792;TRUE;2
(p ∨ q) ∨ B₃(M₁¬q → p);7948929;3520064;FALSE;2
B₃(q ∨ q) ∨ B₁B₂(q ⇿ q);70677522041;10570536;FALSE;2
(M₂r ∨ r) ∨ M₃(M₁q ∨ p);88572329263;10445272;FALSE;2
(B₁M₂q ∨ q) ∨ ¬(p ⇿ r);7047894;3519784;FALSE;2
(M₂M₃q ∨ (p → p)) ∨ B₃q;5230598;3519984;TRUE;2
¬p → M₃M₂((p ∧ r) ∧ p);10024192076;3684328;FALSE;2
(q ∧ r) → (B₂p ∨ M₁M₁p);81312476721;10511888;FALSE;2
M₁q → (B₁M₂q ⇿ (q → p));1,08872E+11;11330480;FALSE;2
B₃(p ⇿ q) → M₁B₂(p ∧ p);81747389235;10445272;FALSE;2
M₂B₂(q ∧ q) → M₃M₁q;11575798136;6572872;FALSE;2
M₂(M₂r ⇿ r) → (M₃p ⇿ p);4113624246;5224496;FALSE;2
M₁((r ∨ r) → p) → M₂B₁r;97906827271;10487512;FALSE;2
¬¬B₂M₃p → (p ∨ p);10792421236;3856528;FALSE;2
B₁M₂((p ∧ r) ∧ p) → (q ⇿ q);7926018;3517872;TRUE;2
¬(B₁M₃q ⇿ q) → B₃q;87876605924;10463320;FALSE;2
(q → r) ⇿ (M₁(M₃p ⇿ p) → q);8486545;3519672;FALSE;2
B₁p ⇿ B₁M₃¬(p ⇿ p);88320503547;10503624;FALSE;2
(q ⇿ q) ⇿ B₃((p ∧ p) → M₃p);6134877;3520056;FALSE;2
(q → r) ⇿ B₃(M₁¬q → p);8504550;3520128;FALSE;2
¬M₂r ⇿ M₂(B₁p ∨ r);88909165981;10541536;FALSE;2
(M₃p ⇿ p) ⇿ M₂(B₂r ∧ q);71141335503;10445336;FALSE;2
M₂M₃r ⇿ (((q → r) ∧ q) ⇿ r);10015507068;3518464;FALSE;2
M₁M₃r ⇿ (¬p ∨ (p ∧ r));10019659055;3518088;FALSE;2
M₁(B₁p ⇿ r) ⇿ M₂(q → p);93052541763;10445336;FALSE;2
M₂B₃(q ∨ r) ⇿ M₃(p ∧ r);1,67749E+11;10445336;FALSE;2
M₁B₃((q ∨ q) → ((q → r) ⇿ q));10045866873;3687544;FALSE;2
M₁¬M₃(((p ∨ q) → p) ⇿ r);10087260584;3687976;FALSE;2
M₁¬(B₂((p → r) → q) ⇿ p);10033543668;3687528;FALSE;2
M₁(B₃(p ⇿ p) ⇿ ¬¬q);10080444909;3687064;FALSE;2
M₁¬M₂((p ⇿ r) ∨ (p ∧ q));10077496138;3687528;FALSE;2
M₂(B₃r ⇿ B₃¬(p → p));69563867484;10445320;FALSE;2
M₂M₁¬¬¬(q → q);10081892043;3688840;FALSE;2
M₂¬M₂((p ⇿ r) ∨ (p ∧ q));10024164063;3688872;FALSE;2
M₂M₂(((q ∧ r) ∨ q) ∨ (q ∧ r));10038956418;3689336;FALSE;2
M₃M₁(q → (((q → r) ∧ q) ⇿ r));10076306606;3689336;FALSE;2
M₃(M₂¬r ∧ ((p ∨ r) ∨ r));10010888604;3688424;FALSE;2
M₃B₃((p ∨ q) ∨ ((q → r) ∧ q));10083047279;3688888;FALSE;2
M₃((q ∧ q) → M₂((p ∧ r) ∧ p));10013054586;3689552;FALSE;2
B₁((B₂r ∨ (p ∨ p)) ⇿ (r ∧ r));8120898;3519888;FALSE;2
B₁(¬(B₁r ⇿ q) ⇿ (r → p));8300851;3519872;FALSE;2
B₁((M₃p → r) ∨ M₃(r ∨ r));95920787904;11326040;FALSE;2
B₁(B₃((q ⇿ r) → q) ∧ ¬q);7717119;3520160;FALSE;2
B₁((B₁p ∨ r) ⇿ M₃¬q);1,24212E+11;11326024;FALSE;2
B₁((q ⇿ r) → (B₁q → B₁q));20523786;3610832;TRUE;2
B₁¬M₃(((p ∨ q) → p) ⇿ r);10399048;3520816;FALSE;2
B₂(¬(M₃r ⇿ B₁p) ∨ q);1,01213E+11;11326760;FALSE;2
B₂M₂((r ∨ r) → ¬(q ∧ q));10041327041;3712752;FALSE;2
B₂(M₁((p ∧ p) → M₃p) ∨ p);89308742254;11333440;FALSE;2
B₂((B₂q ∨ p) ∧ M₁(p ∧ q));1,01798E+11;11329240;FALSE;2
B₂(¬(B₁r ⇿ q) ⇿ (r → p));5113480;3519872;FALSE;2
B₂(M₂((r ⇿ r) ⇿ r) ⇿ (p ∧ q));7551048;3520736;FALSE;2
B₂¬M₁((p → q) ∧ (p ∨ p));6641784;3520344;FALSE;2
B₃(B₃((q ⇿ r) → q) ∧ ¬q);6669854;3520160;FALSE;2
B₃((M₃p → r) ∨ M₃(r ∨ r));85749524240;11326040;FALSE;2
B₃(((M₃q → r) ∨ r) ∨ (r → p));7250232;3519200;TRUE;2
B₃((B₃(q ∨ q) ∧ B₁r) ⇿ q);1,2857E+11;11326040;FALSE;2
B₃M₃(((q ∧ r) ∧ (q → r)) ∨ p);10007195569;3716800;FALSE;2
(B₂M₃p ⇿ B₁r) ∨ M₂q;12503963727;6572872;FALSE;2
B₃(M₃(q ∧ q) ∧ B₃(p ⇿ r));84971724761;11326040;FALSE;2